Subject,EventType,State_1_Occurrence,State_2_Occurrence,State_3_Occurrence,State_4_Occurrence
0,control,0.272727273,0.363636364,0.181818182,0.181818182
0,TOM,0.282051282,0.384615385,0.102564103,0.230769231
0,pain,0.151515152,0.272727273,0.393939394,0.181818182
1,control,0,0.363636364,0.363636364,0.272727273
1,TOM,0.205128205,0.333333333,0.205128205,0.256410256
1,pain,0.363636364,0.212121212,0.333333333,0.090909091
2,control,0.181818182,0.181818182,0.363636364,0.272727273
2,TOM,0.230769231,0.461538462,0.076923077,0.230769231
2,pain,0.151515152,0.121212121,0.484848485,0.242424242
3,control,0.090909091,0.454545455,0.272727273,0.181818182
3,TOM,0.205128205,0.461538462,0.153846154,0.179487179
3,pain,0.393939394,0.151515152,0.242424242,0.212121212
4,control,0.272727273,0.272727273,0.181818182,0.272727273
4,TOM,0.256410256,0.256410256,0.128205128,0.358974359
4,pain,0.181818182,0.242424242,0.212121212,0.363636364
5,control,0,0.363636364,0.454545455,0.181818182
5,TOM,0.179487179,0.384615385,0.282051282,0.153846154
5,pain,0.151515152,0.303030303,0.303030303,0.242424242
6,control,0.272727273,0.090909091,0.545454545,0.090909091
6,TOM,0.205128205,0.307692308,0.282051282,0.205128205
6,pain,0.181818182,0.272727273,0.303030303,0.242424242
7,control,0,0.454545455,0.363636364,0.181818182
7,TOM,0.230769231,0.333333333,0.179487179,0.256410256
7,pain,0.181818182,0.151515152,0.454545455,0.212121212
8,control,0.454545455,0.181818182,0.090909091,0.272727273
8,TOM,0.128205128,0.41025641,0.230769231,0.230769231
8,pain,0.090909091,0.181818182,0.393939394,0.333333333
9,control,0.454545455,0.363636364,0,0.181818182
9,TOM,0.307692308,0.230769231,0.282051282,0.179487179
9,pain,0.151515152,0.060606061,0.606060606,0.181818182
10,control,0.363636364,0.181818182,0.181818182,0.272727273
10,TOM,0.282051282,0.307692308,0.128205128,0.282051282
10,pain,0.242424242,0.212121212,0.484848485,0.060606061
11,control,0.181818182,0.090909091,0.363636364,0.363636364
11,TOM,0.128205128,0.41025641,0.153846154,0.307692308
11,pain,0.151515152,0.181818182,0.424242424,0.242424242
12,control,0,0.090909091,0.636363636,0.272727273
12,TOM,0.282051282,0.256410256,0.358974359,0.102564103
12,pain,0.121212121,0.303030303,0.363636364,0.212121212
13,control,0.272727273,0.545454545,0.090909091,0.090909091
13,TOM,0.256410256,0.307692308,0.230769231,0.205128205
13,pain,0.272727273,0.121212121,0.393939394,0.212121212
14,control,0.363636364,0.090909091,0.181818182,0.363636364
14,TOM,0.384615385,0.384615385,0.102564103,0.128205128
14,pain,0.151515152,0.090909091,0.454545455,0.303030303
15,control,0.272727273,0.272727273,0.454545455,0
15,TOM,0.153846154,0.333333333,0.256410256,0.256410256
15,pain,0.303030303,0.212121212,0.272727273,0.212121212
16,control,0.272727273,0.272727273,0.090909091,0.363636364
16,TOM,0.358974359,0.384615385,0.179487179,0.076923077
16,pain,0.151515152,0.242424242,0.303030303,0.303030303
17,control,0,0.363636364,0.545454545,0.090909091
17,TOM,0.051282051,0.41025641,0.333333333,0.205128205
17,pain,0.090909091,0.242424242,0.575757576,0.090909091
18,control,0.181818182,0.272727273,0.090909091,0.454545455
18,TOM,0.256410256,0.333333333,0.179487179,0.230769231
18,pain,0.333333333,0.181818182,0.242424242,0.242424242
19,control,0.181818182,0.272727273,0.454545455,0.090909091
19,TOM,0.307692308,0.41025641,0.128205128,0.153846154
19,pain,0.121212121,0.121212121,0.454545455,0.303030303
20,control,0.272727273,0.272727273,0.272727273,0.181818182
20,TOM,0.205128205,0.384615385,0.307692308,0.102564103
20,pain,0.181818182,0.212121212,0.393939394,0.212121212
21,control,0.363636364,0.090909091,0.363636364,0.181818182
21,TOM,0.282051282,0.435897436,0.153846154,0.128205128
21,pain,0.090909091,0.060606061,0.363636364,0.484848485
22,control,0.363636364,0.090909091,0.363636364,0.181818182
22,TOM,0.333333333,0.41025641,0.153846154,0.102564103
22,pain,0.090909091,0.121212121,0.515151515,0.272727273
23,control,0.272727273,0.181818182,0.181818182,0.363636364
23,TOM,0.179487179,0.384615385,0.230769231,0.205128205
23,pain,0.151515152,0.212121212,0.363636364,0.272727273
24,control,0.454545455,0,0.181818182,0.363636364
24,TOM,0.282051282,0.461538462,0.153846154,0.102564103
24,pain,0.272727273,0.151515152,0.393939394,0.181818182
25,control,0.181818182,0.363636364,0.363636364,0.090909091
25,TOM,0.256410256,0.282051282,0.256410256,0.205128205
25,pain,0.121212121,0.121212121,0.545454545,0.212121212
26,control,0.272727273,0.181818182,0.363636364,0.181818182
26,TOM,0.282051282,0.230769231,0.256410256,0.230769231
26,pain,0.181818182,0.151515152,0.333333333,0.333333333
27,control,0.272727273,0.272727273,0.363636364,0.090909091
27,TOM,0.179487179,0.333333333,0.256410256,0.230769231
27,pain,0.151515152,0.303030303,0.303030303,0.242424242
28,control,0.363636364,0.454545455,0.090909091,0.090909091
28,TOM,0.205128205,0.333333333,0.230769231,0.230769231
28,pain,0.121212121,0.151515152,0.363636364,0.363636364
29,control,0.090909091,0.545454545,0.272727273,0.090909091
29,TOM,0.282051282,0.256410256,0.358974359,0.102564103
29,pain,0.121212121,0.272727273,0.363636364,0.242424242
30,control,0.363636364,0.090909091,0.363636364,0.181818182
30,TOM,0.230769231,0.384615385,0.179487179,0.205128205
30,pain,0.212121212,0.151515152,0.363636364,0.272727273
31,control,0.363636364,0.090909091,0.272727273,0.272727273
31,TOM,0.230769231,0.435897436,0.230769231,0.102564103
31,pain,0.151515152,0.151515152,0.454545455,0.242424242
32,control,0.272727273,0.454545455,0.090909091,0.181818182
32,TOM,0.358974359,0.307692308,0.128205128,0.205128205
32,pain,0.272727273,0.181818182,0.303030303,0.242424242
33,control,0.363636364,0.181818182,0.181818182,0.272727273
33,TOM,0.205128205,0.358974359,0.205128205,0.230769231
33,pain,0.212121212,0.151515152,0.454545455,0.181818182
34,control,0.181818182,0.272727273,0.181818182,0.363636364
34,TOM,0.205128205,0.384615385,0.205128205,0.205128205
34,pain,0.090909091,0.121212121,0.454545455,0.333333333
35,control,0.181818182,0.181818182,0.272727273,0.363636364
35,TOM,0.358974359,0.282051282,0.153846154,0.205128205
35,pain,0.363636364,0.181818182,0.333333333,0.121212121
36,control,0.454545455,0.090909091,0.272727273,0.181818182
36,TOM,0.205128205,0.384615385,0.230769231,0.179487179
36,pain,0.151515152,0.181818182,0.454545455,0.212121212
37,control,0.363636364,0.090909091,0.454545455,0.090909091
37,TOM,0.358974359,0.256410256,0.153846154,0.230769231
37,pain,0.151515152,0.060606061,0.545454545,0.242424242
38,control,0.454545455,0.363636364,0.090909091,0.090909091
38,TOM,0.358974359,0.205128205,0.230769231,0.205128205
38,pain,0.212121212,0.121212121,0.515151515,0.151515152
39,control,0.363636364,0.272727273,0.090909091,0.272727273
39,TOM,0.230769231,0.282051282,0.153846154,0.333333333
39,pain,0.181818182,0.121212121,0.363636364,0.333333333
40,control,0.090909091,0.545454545,0.272727273,0.090909091
40,TOM,0.282051282,0.230769231,0.205128205,0.282051282
40,pain,0.212121212,0.181818182,0.454545455,0.151515152
41,control,0.454545455,0.181818182,0.090909091,0.272727273
41,TOM,0.256410256,0.461538462,0.128205128,0.153846154
41,pain,0.454545455,0.212121212,0.181818182,0.151515152
42,control,0.545454545,0.181818182,0.181818182,0.090909091
42,TOM,0.256410256,0.333333333,0.205128205,0.205128205
42,pain,0.303030303,0.121212121,0.303030303,0.272727273
43,control,0.545454545,0,0.363636364,0.090909091
43,TOM,0.128205128,0.461538462,0.256410256,0.153846154
43,pain,0.272727273,0.060606061,0.515151515,0.151515152
44,control,0.181818182,0.090909091,0.363636364,0.363636364
44,TOM,0.256410256,0.256410256,0.102564103,0.384615385
44,pain,0.363636364,0.121212121,0.363636364,0.151515152
45,control,0.363636364,0.363636364,0,0.272727273
45,TOM,0.333333333,0.282051282,0.179487179,0.205128205
45,pain,0.181818182,0.090909091,0.424242424,0.303030303
46,control,0.181818182,0.272727273,0.181818182,0.363636364
46,TOM,0.128205128,0.41025641,0.282051282,0.179487179
46,pain,0.181818182,0.151515152,0.454545455,0.212121212
47,control,0.272727273,0.090909091,0.363636364,0.272727273
47,TOM,0.256410256,0.230769231,0.205128205,0.307692308
47,pain,0.181818182,0.212121212,0.454545455,0.151515152
48,control,0.181818182,0.363636364,0.181818182,0.272727273
48,TOM,0.358974359,0.256410256,0.128205128,0.256410256
48,pain,0.090909091,0.151515152,0.424242424,0.333333333
49,control,0.090909091,0.363636364,0.363636364,0.181818182
49,TOM,0.102564103,0.41025641,0.435897436,0.051282051
49,pain,0.060606061,0.242424242,0.484848485,0.212121212
50,control,0.363636364,0.363636364,0.181818182,0.090909091
50,TOM,0.128205128,0.58974359,0.153846154,0.128205128
50,pain,0.090909091,0.090909091,0.484848485,0.333333333
51,control,0.272727273,0.181818182,0.363636364,0.181818182
51,TOM,0.230769231,0.256410256,0.358974359,0.153846154
51,pain,0.151515152,0.060606061,0.515151515,0.272727273
52,control,0.363636364,0.272727273,0.181818182,0.181818182
52,TOM,0.128205128,0.358974359,0.230769231,0.282051282
52,pain,0.242424242,0.03030303,0.393939394,0.333333333
53,control,0.272727273,0.181818182,0.181818182,0.363636364
53,TOM,0.230769231,0.461538462,0.102564103,0.205128205
53,pain,0.242424242,0.121212121,0.454545455,0.181818182
54,control,0.454545455,0.272727273,0.090909091,0.181818182
54,TOM,0.307692308,0.256410256,0.205128205,0.230769231
54,pain,0.272727273,0.03030303,0.515151515,0.181818182
55,control,0.363636364,0.363636364,0.272727273,0
55,TOM,0.333333333,0.307692308,0.128205128,0.230769231
55,pain,0.181818182,0.303030303,0.363636364,0.151515152
56,control,0.272727273,0.545454545,0.090909091,0.090909091
56,TOM,0.256410256,0.384615385,0.102564103,0.256410256
56,pain,0.060606061,0.121212121,0.606060606,0.212121212
57,control,0.181818182,0.272727273,0.454545455,0.090909091
57,TOM,0.153846154,0.435897436,0.179487179,0.230769231
57,pain,0.181818182,0.090909091,0.575757576,0.151515152
58,control,0.181818182,0.272727273,0.272727273,0.272727273
58,TOM,0.179487179,0.58974359,0.179487179,0.051282051
58,pain,0.121212121,0.151515152,0.515151515,0.212121212
59,control,0.363636364,0.272727273,0.181818182,0.181818182
59,TOM,0.256410256,0.564102564,0.102564103,0.076923077
59,pain,0.303030303,0.060606061,0.515151515,0.121212121
60,control,0.363636364,0.181818182,0.363636364,0.090909091
60,TOM,0.307692308,0.307692308,0.102564103,0.282051282
60,pain,0.363636364,0.151515152,0.393939394,0.090909091
61,control,0.272727273,0.272727273,0.363636364,0.090909091
61,TOM,0.282051282,0.564102564,0.102564103,0.051282051
61,pain,0.272727273,0.181818182,0.393939394,0.151515152
62,control,0.545454545,0.181818182,0.090909091,0.181818182
62,TOM,0.307692308,0.282051282,0.153846154,0.256410256
62,pain,0.303030303,0.242424242,0.333333333,0.121212121
63,control,0.545454545,0.090909091,0.363636364,0
63,TOM,0.487179487,0.256410256,0.025641026,0.230769231
63,pain,0.151515152,0.090909091,0.484848485,0.272727273
64,control,0.090909091,0.272727273,0.454545455,0.181818182
64,TOM,0.179487179,0.435897436,0.153846154,0.230769231
64,pain,0.333333333,0.090909091,0.484848485,0.090909091
65,control,0.181818182,0.363636364,0.363636364,0.090909091
65,TOM,0.358974359,0.384615385,0.076923077,0.179487179
65,pain,0.303030303,0.151515152,0.272727273,0.272727273
66,control,0,0.454545455,0.363636364,0.181818182
66,TOM,0.179487179,0.487179487,0.282051282,0.051282051
66,pain,0.090909091,0.181818182,0.575757576,0.151515152
67,control,0.090909091,0.545454545,0.272727273,0.090909091
67,TOM,0.153846154,0.307692308,0.282051282,0.256410256
67,pain,0.303030303,0.121212121,0.272727273,0.303030303
68,control,0.363636364,0.181818182,0.090909091,0.363636364
68,TOM,0.076923077,0.307692308,0.102564103,0.512820513
68,pain,0.333333333,0.151515152,0.424242424,0.090909091
69,control,0.090909091,0.272727273,0.454545455,0.181818182
69,TOM,0.179487179,0.461538462,0.153846154,0.205128205
69,pain,0.242424242,0,0.545454545,0.212121212
70,control,0.272727273,0.272727273,0.363636364,0.090909091
70,TOM,0.333333333,0.512820513,0.051282051,0.102564103
70,pain,0.181818182,0.151515152,0.424242424,0.242424242
71,control,0.090909091,0.363636364,0.272727273,0.272727273
71,TOM,0.384615385,0.435897436,0.102564103,0.076923077
71,pain,0.090909091,0.212121212,0.484848485,0.212121212
72,control,0.363636364,0.363636364,0.090909091,0.181818182
72,TOM,0.256410256,0.58974359,0.025641026,0.128205128
72,pain,0.424242424,0.060606061,0.484848485,0.03030303
73,control,0.272727273,0.181818182,0.454545455,0.090909091
73,TOM,0.307692308,0.41025641,0.102564103,0.179487179
73,pain,0.181818182,0.060606061,0.545454545,0.212121212
74,control,0.363636364,0.272727273,0.181818182,0.181818182
74,TOM,0.282051282,0.41025641,0.076923077,0.230769231
74,pain,0.333333333,0.121212121,0.424242424,0.121212121
75,control,0,0.636363636,0.090909091,0.272727273
75,TOM,0.307692308,0.384615385,0.076923077,0.230769231
75,pain,0.303030303,0.151515152,0.363636364,0.181818182
76,control,0.181818182,0.272727273,0.181818182,0.363636364
76,TOM,0.358974359,0.384615385,0.128205128,0.128205128
76,pain,0.393939394,0.060606061,0.393939394,0.151515152
77,control,0.090909091,0.363636364,0.272727273,0.272727273
77,TOM,0.230769231,0.179487179,0.333333333,0.256410256
77,pain,0.363636364,0.242424242,0.03030303,0.363636364
78,control,0.272727273,0.545454545,0,0.181818182
78,TOM,0.512820513,0.128205128,0.128205128,0.230769231
78,pain,0.242424242,0.060606061,0.303030303,0.393939394
79,control,0.181818182,0.727272727,0.090909091,0
79,TOM,0.128205128,0.384615385,0.256410256,0.230769231
79,pain,0.212121212,0.151515152,0.393939394,0.242424242
80,control,0.090909091,0.454545455,0.454545455,0
80,TOM,0.025641026,0.564102564,0.230769231,0.179487179
80,pain,0.333333333,0.151515152,0.303030303,0.212121212
81,control,0.181818182,0.545454545,0.090909091,0.181818182
81,TOM,0.487179487,0.230769231,0.051282051,0.230769231
81,pain,0.272727273,0.060606061,0.454545455,0.212121212
82,control,0.454545455,0.272727273,0.090909091,0.181818182
82,TOM,0.282051282,0.41025641,0.179487179,0.128205128
82,pain,0.090909091,0.303030303,0.363636364,0.242424242
83,control,0.454545455,0,0.363636364,0.181818182
83,TOM,0.153846154,0.512820513,0.128205128,0.205128205
83,pain,0.212121212,0.333333333,0.363636364,0.090909091
84,control,0.090909091,0.363636364,0.181818182,0.363636364
84,TOM,0.205128205,0.487179487,0.179487179,0.128205128
84,pain,0.212121212,0.090909091,0.515151515,0.181818182
85,control,0.363636364,0.272727273,0.363636364,0
85,TOM,0.282051282,0.282051282,0.205128205,0.230769231
85,pain,0.151515152,0.121212121,0.545454545,0.181818182
86,control,0.181818182,0.272727273,0.545454545,0
86,TOM,0.128205128,0.615384615,0.153846154,0.102564103
86,pain,0.303030303,0.060606061,0.515151515,0.121212121
87,control,0.272727273,0,0.363636364,0.363636364
87,TOM,0.282051282,0.307692308,0.179487179,0.230769231
87,pain,0.363636364,0.060606061,0.515151515,0.060606061
88,control,0.272727273,0.363636364,0.181818182,0.181818182
88,TOM,0.358974359,0.307692308,0.076923077,0.256410256
88,pain,0.424242424,0.03030303,0.303030303,0.242424242
89,control,0.545454545,0.181818182,0.272727273,0
89,TOM,0.179487179,0.461538462,0.153846154,0.205128205
89,pain,0.333333333,0.090909091,0.393939394,0.181818182
90,control,0.272727273,0.181818182,0.363636364,0.181818182
90,TOM,0.307692308,0.461538462,0.153846154,0.076923077
90,pain,0.212121212,0.060606061,0.545454545,0.181818182
91,control,0.454545455,0.454545455,0.090909091,0
91,TOM,0.333333333,0.384615385,0.102564103,0.179487179
91,pain,0.303030303,0.060606061,0.484848485,0.151515152
92,control,0.181818182,0.272727273,0.363636364,0.181818182
92,TOM,0.282051282,0.358974359,0.128205128,0.230769231
92,pain,0.363636364,0.151515152,0.363636364,0.121212121
93,control,0.090909091,0.090909091,0.363636364,0.454545455
93,TOM,0.384615385,0.358974359,0.128205128,0.128205128
93,pain,0.303030303,0.121212121,0.545454545,0.03030303
94,control,0.181818182,0.090909091,0.363636364,0.363636364
94,TOM,0.282051282,0.461538462,0.076923077,0.179487179
94,pain,0.151515152,0.212121212,0.393939394,0.242424242
95,control,0.454545455,0.181818182,0.363636364,0
95,TOM,0.205128205,0.512820513,0.102564103,0.179487179
95,pain,0.060606061,0.121212121,0.606060606,0.212121212
96,control,0.181818182,0.090909091,0.363636364,0.363636364
96,TOM,0.307692308,0.487179487,0.025641026,0.179487179
96,pain,0.333333333,0.121212121,0.363636364,0.181818182
97,control,0.454545455,0.090909091,0.363636364,0.090909091
97,TOM,0.256410256,0.461538462,0.025641026,0.256410256
97,pain,0.454545455,0.060606061,0.363636364,0.121212121
98,control,0.545454545,0.181818182,0.272727273,0
98,TOM,0.435897436,0.230769231,0.179487179,0.153846154
98,pain,0.212121212,0.272727273,0.303030303,0.212121212
99,control,0.181818182,0.181818182,0.636363636,0
99,TOM,0.333333333,0.435897436,0.051282051,0.179487179
99,pain,0.363636364,0,0.424242424,0.212121212
100,control,0.272727273,0.272727273,0.181818182,0.272727273
100,TOM,0.230769231,0.384615385,0.205128205,0.179487179
100,pain,0.333333333,0.121212121,0.333333333,0.212121212
101,control,0.454545455,0.181818182,0.363636364,0
101,TOM,0.153846154,0.615384615,0.076923077,0.153846154
101,pain,0.242424242,0.151515152,0.454545455,0.151515152
102,control,0.545454545,0.181818182,0.181818182,0.090909091
102,TOM,0.282051282,0.358974359,0.153846154,0.205128205
102,pain,0.242424242,0.242424242,0.363636364,0.151515152
103,control,0.363636364,0.181818182,0.181818182,0.272727273
103,TOM,0.256410256,0.358974359,0.128205128,0.256410256
103,pain,0.333333333,0.090909091,0.484848485,0.090909091
104,control,0,0.272727273,0.727272727,0
104,TOM,0.358974359,0.435897436,0.025641026,0.179487179
104,pain,0.151515152,0,0.757575758,0.090909091
105,control,0.363636364,0.454545455,0.181818182,0
105,TOM,0.230769231,0.461538462,0.128205128,0.179487179
105,pain,0.212121212,0.121212121,0.484848485,0.181818182
106,control,0,0.545454545,0.272727273,0.181818182
106,TOM,0.179487179,0.435897436,0.179487179,0.205128205
106,pain,0.212121212,0.181818182,0.484848485,0.121212121
107,control,0.363636364,0.272727273,0.090909091,0.272727273
107,TOM,0.41025641,0.307692308,0.128205128,0.153846154
107,pain,0.333333333,0.181818182,0.242424242,0.242424242
108,control,0.545454545,0,0.363636364,0.090909091
108,TOM,0.179487179,0.282051282,0.333333333,0.205128205
108,pain,0.212121212,0.212121212,0.515151515,0.060606061
109,control,0.181818182,0.272727273,0.363636364,0.181818182
109,TOM,0.205128205,0.461538462,0.102564103,0.230769231
109,pain,0.333333333,0.03030303,0.454545455,0.181818182
110,control,0.090909091,0.272727273,0.363636364,0.272727273
110,TOM,0.230769231,0.307692308,0.153846154,0.307692308
110,pain,0.272727273,0.121212121,0.454545455,0.151515152
111,control,0.363636364,0.181818182,0.272727273,0.181818182
111,TOM,0.256410256,0.307692308,0.205128205,0.230769231
111,pain,0.333333333,0.181818182,0.393939394,0.090909091
112,control,0,0.454545455,0,0.545454545
112,TOM,0.230769231,0.564102564,0.025641026,0.179487179
112,pain,0.454545455,0.060606061,0.393939394,0.090909091
113,control,0.272727273,0.272727273,0.272727273,0.181818182
113,TOM,0.333333333,0.333333333,0.076923077,0.256410256
113,pain,0.333333333,0.090909091,0.545454545,0.03030303
114,control,0.181818182,0.090909091,0.545454545,0.181818182
114,TOM,0.205128205,0.307692308,0.205128205,0.282051282
114,pain,0.303030303,0.242424242,0.363636364,0.090909091
